software_name,overview,core_features,general_tags,research_discipline,research_area,software_class,software_type
DCMTK,"DCMTK (DICOM Toolkit) is a collection of libraries and applications for implementing the DICOM (Digital Imaging and Communications in Medicine) standard. It provides tools for the handling, storing, and converting of medical images and related data in DICOM format.","DICOM standard implementation, Medical image handling, Data conversion","Medical imaging, DICOM toolkit, Image data processing","Medical imaging, Health informatics","DICOM data management, Medical image analysis",Library & Toolkit,DICOM implementation tool
BUSCO,BUSCO (Benchmarking Universal Single-Copy Orthologs) is a bioinformatics tool for assessing the completeness of genome or transcriptome assemblies by searching for a set of single-copy orthologous genes. It is widely used to evaluate genome assembly quality.,"Benchmarking tool, Genome completeness assessment, Single-copy ortholog search","Genome assembly, Quality assessment, Ortholog identification","Genomics, Bioinformatics","Genome assembly evaluation, Ortholog analysis",Bioinformatics tool,Benchmarking tool
CMake,"CMake is an open-source build system that manages the build process of software projects by generating native build configurations, such as Makefiles or project files for various environments. It simplifies the building, testing, and packaging of software across different platforms.","Build system management, Cross-platform build configurations, Automated project generation","Build system, Project management, Cross-platform support",,,Build tool,Build system generator
CuPy,"CuPy is an open-source numerical computing library that provides a GPU-accelerated array library for high-performance computing with Python. It serves as a GPU-compatible alternative to NumPy, allowing accelerated numerical computations on GPUs.","GPU-accelerated array computations, High-performance computing, Python compatibility","Numerical computing, GPU acceleration, Python library","High-performance computing, Data science","GPU computing, Numeric arrays processing",Numerical computing library,GPU-accelerated array library
CESM,"CESM (Community Earth System Model) is a coupled climate model developed by the National Center for Atmospheric Research (NCAR) for simulating the Earth's climate system. It integrates various components including the atmosphere, ocean, land, and sea ice to study climate dynamics.","Climate modeling, Coupled Earth system model, Atmosphere, ocean, land, sea ice components","Climate research, Earth system modeling, National Center for Atmospheric Research","Climate science, Meteorology","Climate modeling, Earth system dynamics",Climate model,Earth system modeling software
ChimeraX,"ChimeraX is a molecular visualization software developed by the UCSF ChimeraX project for interactive visualization and analysis of molecular structures. It offers advanced tools for exploring protein structures, molecular dynamics, and electron density maps.","Molecular visualization, Protein structure analysis, Electron density map visualization, Interactive molecular dynamics","Molecular modeling, Visualization software, Protein structures","Structural biology, Bioinformatics","Protein visualization, Molecular dynamics",Visualization tool,Molecular modeling software
BeautifulSoup,"BeautifulSoup is a Python library for web scraping that allows easy parsing of HTML and XML documents. It provides a convenient way to extract and manipulate data from web pages, making it a popular tool for data extraction tasks.","Web scraping, HTML parsing, XML parsing","Web scraping, Data extraction, Python library","Data science, Web development","Data extraction, Text parsing",Data scraping tool,Web parsing library
GLFW,"GLFW is an open-source, multi-platform library for creating windows with OpenGL contexts and managing input. It provides a simple API for handling window creation, input events, and managing OpenGL contexts, making it a popular choice for graphics applications and games.","Cross-platform window creation, OpenGL context management, Input event handling","Graphics programming, OpenGL development, Window management","Computer graphics, Software development","Graphics programming, OpenGL applications",Graphics library,Windowing toolkit
GROMACS,"GROMACS is a versatile molecular dynamics simulation software widely used in computational chemistry, biophysics, and bioinformatics research. It allows detailed simulations of biological macromolecules, lipids, and other complex systems to study their dynamic behavior and interactions at the atomic level.","Molecular dynamics simulations, Biological macromolecules, High-performance computing","Computational chemistry, Biophysics, Molecular modeling","Chemistry, Biophysics","Molecular simulations, Biological systems",Simulation software,Molecular dynamics tool
BerkeleyGW,BerkeleyGW is an open-source software package for calculating the electronic and optical properties of materials using many-body perturbation theory within the GW approximation. It is commonly used for researching materials properties at the quantum mechanical level.,"Electronic properties calculation, Optical properties analysis, Many-body perturbation theory","Materials research, Quantum mechanics, Electronic structure calculations","Materials science, Condensed matter physics","Electronic structure, Optical properties",Materials simulation tool,Electronic structure analysis software
Arriba,Arriba is a computational tool for analyzing gene fusions in cancer transcriptomes. It identifies and characterizes fusion events from RNA sequencing data to better understand the molecular mechanisms of cancer.,"Gene fusion analysis, Transcriptome analysis, Cancer research","Gene fusions, Transcriptome analysis, Cancer research","Cancer biology, Bioinformatics","Cancer transcriptomics, Gene fusions",Analysis tool,Gene fusion analyzer
AMDuProf,AMDuProf is a performance analysis tool for AMD GPUs that allows developers to profile and optimize their GPU-accelerated applications. It provides insights into kernel performance and memory usage on AMD GPUs.,"Performance analysis, Profiling for AMD GPUs, Memory usage insights","Performance analysis, GPU profiling, AMD GPUs",,,Performance analysis tool,GPU Profiler
ArcGIS,"ArcGIS is a geographic information system (GIS) software suite developed by Esri. It provides tools for mapping, spatial analysis, and data visualization, enabling users to create interactive maps and analyze geospatial data.","Geographic information system, Spatial analysis, Data visualization, Mapping tools","Geographic information system, Spatial analysis, Data visualization","Geography, Environmental science","Spatial analysis, GIS applications",GIS software,Mapping and analysis tool
Abseil,"Abseil is an open-source collection of C++ library code developed by Google to facilitate writing robust, efficient, and maintainable code. It includes utility libraries and advanced data structures.","C++ library code, Robust code development, Advanced data structures","C++ library, Open-source, Utilities",,,Library,C++ utility library
CFITSIO,"CFITSIO is a library for reading and writing data in FITS (Flexible Image Transport System) format commonly used in astronomy. It provides an interface for storing and retrieving astronomical data including images, tables, and binary data.","FITS format support, Astronomical data handling, Image and table data access","Astronomy, Data storage, FITS format","Astronomy, Astrophysics","Astronomical data processing, FITs format",Library,FITS format data handler
Brotli,"Brotli is a compression algorithm developed by Google that offers higher compression ratios and faster compression and decompression speeds compared to traditional algorithms. It is used for compressing various types of data, including web content.","High compression ratio, Fast compression and decompression, Data compression for web content","Compression algorithm, Data compression, Google",,,Compression tool,Compression algorithm
FLAC,FLAC (Free Lossless Audio Codec) is an open-source audio coding format that compresses audio data without any loss in quality. It provides high-quality audio compression for music and other audio content while preserving the original sound fidelity.,"Lossless audio compression, High-quality audio, Open-source audio codec","Audio compression, Open-source codec, Audio quality preservation","Audio engineering, Computer science","Audio compression, Audio file formats",Audio codec,Lossless compression tool
BLAT,BLAT (BLAST-Like Alignment Tool) is a sequence alignment software that performs rapid and accurate alignments of nucleotide or protein sequences against reference sequences. It is commonly used for genome analysis and comparative genomics.,"Sequence alignment, Rapid alignments, Genome analysis","Sequence alignment, Genomic analysis, Comparative genomics","Genomics, Bioinformatics","Genome analysis, Sequence alignment",Bioinformatics tool,Alignment software
Apptainer,"Apptainer is a container orchestration platform designed to simplify container management and deployment processes. It provides tools for building, deploying, and scaling containerized applications.","Container orchestration, Application deployment, Scalability","Container management, Deployment, Orchestration",,,Container tool,Orchestration platform
DeepLabCut,"DeepLabCut is a deep-learning-based software tool for markerless pose estimation in behavioral experiments. It enables the tracking and analysis of movement data in animals, including rodents, primates, and other species, allowing researchers to study behavior patterns and kinematics.","Markerless pose estimation, Behavioral tracking, Animal movement analysis","Deep learning, Behavioral research, Pose estimation","Behavioral science, Neuroscience","Animal behavior analysis, Motion tracking",Deep learning tool,Pose estimation software
FFTW3,"FFTW (Fastest Fourier Transform in the West) version 3 is an open-source software library for computing fast Fourier transformations (FFT) efficiently. It provides highly optimized algorithms for computing discrete Fourier transforms, widely used in various scientific and engineering applications.","Fast Fourier transform, Efficient data transformation, Optimized algorithms","Scientific computing, Signal processing, FFT computation","Numerical analysis, Signal processing","Fast Fourier transform, Computational mathematics",Library,FFT computation tool
Arrow,"Arrow is a cross-language development platform for in-memory data that aims to improve data processing performance and interoperability between different systems. It provides a standardized, columnar memory format for data exchange.","In-memory data processing, Columnar memory format, Performance optimization, Interoperability","In-memory data, Data processing, Interoperability",,,Data processing tool,Data exchange platform
ASE,ASE (Atomic Simulation Environment) is a set of tools and Python modules for simulating atomistic systems. It provides a flexible framework for molecular and materials simulations.,"Atomistic simulation, Python modules, Molecular and materials simulations","Atomistic simulation, Molecular dynamics, Materials simulations",,,Simulation tool,Atomistic simulation environment
AUGUSTUS,AUGUSTUS is a gene prediction software that uses Hidden Markov Models (HMMs) to predict protein-coding genes in eukaryotic genomes. It is widely used for annotating genomes and identifying gene structures.,"Gene prediction, Hidden Markov Models, Genome annotation","Gene prediction, Genome annotation, Bioinformatics","Bioinformatics, Genomics","Genome annotation, Gene prediction",Bioinformatics tool,Gene prediction software
AOCC,AOCC (AMD Optimizing Compiler) is a compiler toolset designed to optimize code performance for AMD processors. It includes optimizations tailored for AMD CPUs and GPUs.,"Optimizing compiler, Performance optimizations for AMD processors, Support for AMD CPUs and GPUs","Compiler, Code optimization, AMD processors",,,Compiler,Optimizing toolset
Flask,"Flask is a lightweight and flexible Python web application framework. It provides tools, libraries, and features for building web applications quickly and efficiently. Flask follows the WSGI toolkit and is best suited for small to medium-sized projects where simplicity and modularity are essential.","Web application framework, Python-based development, Modular design","Web development, Python framework, WSGI compliance","Computer science, Web development","Web applications, Backend development",Web framework,Python toolkit
Blender,"Blender is a free and open-source 3D creation software suite that offers tools for modeling, animation, simulation, rendering, and more. It is widely used for creating 3D visualizations, animations, and even video game assets.","3D modeling, Animation, Rendering, Simulation","3D creation, Animation, Rendering","Computer graphics, Animation","3D modeling, Visual simulations",3D modeling tool,Graphics software
ACTC,ACTC (Advanced Compiler Technology Compiler) is a high-performance compiler designed for parallel computing and optimizing code execution on High-Performance Computing (HPC) systems.,"Optimized for parallel computing, High-performance compilation, Code optimization for HPC systems","Compiler, High-Performance Computing, Parallel computing",,,Compiler,HPC tool
Bedops,"Bedops is a set of command-line tools for genomic data analysis, particularly focused on the manipulation and analysis of BED (Browser Extensible Data) files. It provides various operations and tools for set operations, genome comparisons, and data extraction.","Genomic data analysis, BED file manipulation, Set operations","Genomics, BED files, Data analysis","Genomics, Bioinformatics","Genomic data analysis, High-throughput sequencing",Genomic tool,Command-line toolkit
Boost,"Boost is a collection of C++ libraries that provide support for various tasks and functionalities in C++ programming. It includes libraries for data structures, algorithms, multi-threading, and more, aiming to extend the C++ standard library.","C++ libraries, Data structures, Algorithms, Multi-threading","C++ programming, Library collection, Algorithm support",,,Library,C++ library collection
FastANI,FastANI (Fast Average Nucleotide Identity Tool) is a fast alignment-free algorithm for calculating average nucleotide identity (ANI) between genomic sequences. It is commonly used in genomics for comparing the genetic similarity between microbial genomes without the need for sequence alignment.,"Average nucleotide identity calculation, Alignment-free algorithm, Genomic sequence comparison","Genomics, Sequence comparison, Alignment-free tool","Bioinformatics, Genomics","Genome comparison, Microbial genomics",Genomics tool,Sequence identity calculator
CGAL,"CGAL (Computational Geometry Algorithms Library) is a software library that provides computational geometry algorithms for solving geometric problems, such as triangulations, convex hulls, intersections, and mesh generation. It is designed for efficient geometric computations in various domains.","Computational geometry algorithms, Geometric problem solving, Mesh generation, Convex hulls","Computational geometry, Geometric algorithms, Library","Computer science, Mathematics","Computational geometry, Geometric modeling",Library,Computational geometry tool
Caffe,"Caffe is a deep learning framework developed by the Berkeley Vision and Learning Center for training neural networks. It is known for its speed, expressive architecture, and extensibility, making it popular for image classification and deep learning research.","Deep learning framework, Neural network training, Image classification","Deep learning, Neural networks, Image processing","Computer vision, Deep learning","Image classification, Deep neural networks",Deep learning framework,Neural network training tool
AnnotSV,"AnnotSV is a tool for annotating and prioritizing structural variants in the human genome. It provides comprehensive annotations including gene impact, functional consequences, and pathogenicity predictions.","Structural variant annotation, Gene impact assessment, Pathogenicity predictions","Structural variant analysis, Genome annotation, Pathogenicity assessment","Genomics, Medical genetics","Structural variant analysis, Genetic disorders",Annotation tool,Structural variant annotator
GL2PS,"GL2PS (OpenGL to PostScript) is an open-source software library that converts OpenGL-generated vector graphics into various formats, including PostScript, PDF, and SVG. It is commonly used for creating high-quality vector images from OpenGL scenes for further processing and visualization.","OpenGL to vector graphics conversion, PostScript, PDF, SVG support, High-quality image generation","Vector graphics, OpenGL conversion, Graphics software","Computer graphics, Visualization","Vector image generation, OpenGL visualization",Graphics library,Vector graphics converter
GATK,"GATK (Genome Analysis Toolkit) is a widely used software package for analyzing high-throughput sequencing data in genomics and genetics research. It provides a broad suite of tools for variant discovery, genotyping, and other genomic analyses, with a focus on accuracy and reproducibility.","High-throughput sequencing analysis, Variant discovery, Genomic data processing","Genomics, Variant calling, Bioinformatics","Genomics, Bioinformatics","Variant analysis, Sequencing data",Genomics tool,High-throughput sequencing analysis software
Clang,"Clang is a compiler front end for the C, C++, and Objective-C programming languages. It is part of the LLVM project and provides a modern and modular compiler infrastructure designed for performance, correctness, and ease of use.","C/C++/Objective-C compiler front end, Modern compiler infrastructure, Performance optimization","Compiler front end, LLVM project, Performance","Computer science, Software development","Compiler design, Programming languages",Compiler front end,Programming language tool
AOCL,"AOCL (AMD OpenCL Compiler) is a compiler toolset for OpenCL applications, providing optimizations and support for AMD GPUs. It enables developers to compile and optimize OpenCL code for AMD hardware.","OpenCL compiler, Optimizations for AMD GPUs, Support for OpenCL applications","OpenCL compiler, GPU optimization, AMD GPUs",,,Compiler,OpenCL toolset
GLM,"GLM (OpenGL Mathematics) is a header-only C++ mathematics library for graphics programming. It provides various mathematical functions and data structures commonly used in computer graphics, including vectors, matrices, and geometric algorithms, tailored for OpenGL applications.","Mathematical functions, Vectors and matrices, Geometric algorithms","Computer graphics, Math library, OpenGL development","Computer graphics, Computer science","Mathematics in graphics, Geometric computations",Math library,Graphics programming tool
Gaussian,"Gaussian is a widely-used computational chemistry software package for performing ab initio electronic structure calculations. It provides a range of quantum chemical methods for studying molecular systems, reactions, and properties, aiding in various research areas such as theoretical chemistry, materials science, and molecular modeling.","Ab initio calculations, Quantum chemistry methods, Molecular system simulations","Computational chemistry, Quantum chemical calculations, Molecular modeling","Chemistry, Theoretical chemistry","Molecular simulations, Reaction mechanisms",Chemistry software,Electronic structure calculation tool
Biopython,"Biopython is a set of freely available Python tools for handling biological data. It provides modules for bioinformatics tasks such as reading and writing various sequence file formats, accessing online biological databases, and performing sequence analysis.","Biological data handling, Sequence analysis, Database access","Bioinformatics, Sequence analysis, Python library","Bioinformatics, Genomics","Sequence analysis, Biological data processing",Bioinformatics tool,Python library
GTK4,"GTK4, the GIMP Toolkit's latest version, is an open-source graphical toolkit primarily used for creating user interfaces in applications. It offers modern features, improved performance, and enhanced capabilities for designing responsive and visually appealing GUIs across various platforms.","Enhanced GUI toolkit, Modern user interface design, Improved performance","User interface development, Cross-platform GUI toolkit, Open-source library","Computer science, Software development","Graphical user interfaces, Cross-platform application UI",GUI toolkit,User interface design tool
Brunsli,"Brunsli is a lossless and low-delay image compressor developed by Google that aims to provide high compression efficiency for web images. It is designed to optimize image compression for web applications, focusing on reducing file sizes without compromising quality.","Lossless image compression, Low-delay compression, Optimized for web images","Image compression, Web optimization, Google",,,Image compressor,Lossless compression tool
Aspherix,Aspherix is a simulation software tool for modeling optical systems with aspherical lenses. It enables engineers and researchers to design and analyze complex optical systems with non-spherical optical components.,"Optical system simulation, Aspherical lens modeling, Optical system design","Optical design, Lens modeling, Simulation software","Optics, Physics","Optical engineering, Lens design",Simulation software,Optical system tool
GAMESS,"GAMESS (General Atomic and Molecular Electronic Structure System) is a quantum chemistry software suite for ab initio calculations of atomic and molecular electronic structures. It provides a range of methods for molecular modeling, electronic structure calculations, and quantum chemistry simulations.","Ab initio calculations, Atomic and molecular modeling, Electronic structure calculations","Quantum chemistry, Ab initio methods, Electronic structure","Chemistry, Quantum chemistry","Molecular modeling, Electronic structure theory",Quantum chemistry tool,Electronic structure software
BamTools,"BamTools is a C++ API and toolkit for manipulating BAM (Binary Alignment/Map) files, which are used to store sequence alignment data from high-throughput sequencing experiments. It provides efficient access and tools for analyzing aligned sequencing data.","BAM file manipulation, Sequence alignment analysis, API for read/write access","BAM files, Sequence analysis, High-throughput sequencing","Bioinformatics, Genomics","Sequence alignment, Next-generation sequencing",Bioinformatics tool,BAM file toolkit
EasyBuild,EasyBuild is a software build and installation framework designed for managing and automating the building of software applications and libraries on high-performance computing (HPC) systems. It simplifies the process of installing scientific software and complex dependencies in a modular and flexible way.,"Software build automation, High-performance computing support, Dependency management","Build automation, HPC systems, Software installation","Computational science, High-performance computing","Software management, HPC applications",Build tool,Software installation framework
Firefox,"Firefox is a free and open-source web browser developed by Mozilla. It provides a fast, secure, and customizable browsing experience with options for extensions, themes, and privacy controls. Firefox supports various operating systems and is known for its performance and user-centric features.","Secure browsing, Customizable interface, Browser extensions, Privacy control","Web browser, Open-source, Privacy features",,,Web browser,Internet application
ABySS,ABySS (Assembly By Short Sequences) is a de novo assembly software designed for large genomes. It is capable of assembling genomes from short sequence reads produced by next-generation sequencing technologies.,"De novo assembly, Optimized for large genomes, Support for short sequence reads","De novo assembly, Genome assembly, Next-generation sequencing",Bioinformatics,Genomics,Bioinformatics tool,Assembly software
Bismark,Bismark is a bioinformatics tool for the identification and analysis of DNA methylation from bisulfite sequencing data. It aligns bisulfite-treated sequences and generates methylation calls to study DNA methylation patterns in various genomes.,"DNA methylation analysis, Bisulfite sequencing data processing, Alignment of bisulfite-treated sequences","DNA methylation, Bisulfite sequencing, Bioinformatics","Epigenetics, Bioinformatics","DNA methylation analysis, Epigenomic research",Bioinformatics tool,DNA methylation analyzer
CP2K,"CP2K is a state-of-the-art quantum chemistry and solid-state physics software package designed for molecular simulations. It employs a combination of electronic structure theory, molecular dynamics, and other methods to study a wide range of chemical systems.","Quantum chemistry simulations, Solid-state physics modeling, Electronic structure theory","Quantum chemistry, Molecular simulations, Solid-state physics","Chemistry, Physics","Quantum chemistry, Solid-state physics",Simulation software,Quantum chemistry tool
Aspera,"Aspera is a high-speed data transfer software that enables secure and reliable transfer of large datasets over wide-area networks. It uses the FASP protocol to accelerate data transfers for research, collaboration, and distribution.","High-speed data transfer, Secure data transfer, FASP protocol","Data transfer, Wide-area networks, Secure transmission",,,Data transfer tool,High-speed transfer software
FASTA,"FASTA is a software tool for searching biological sequence databases using algorithms that find regions of local or global similarity between sequences. It is commonly used for sequence alignment, comparison, and database searches, providing valuable insights into biological data.","Biological sequence searching, Sequence alignment, Database searches","Bioinformatics, Sequence analysis, Alignment tool","Bioinformatics, Genomics","Sequence alignment, Sequence database searching",Bioinformatics tool,Sequence search software
Automake,Automake is a build automation tool that generates Makefile.in files from Makefile.am template files. It simplifies the process of building software by automating the generation of makefiles based on the software's structure.,"Build automation, Makefile generation, Simplifies software building","Build automation, Makefiles, Software development",,,Build tool,Makefile generator
GTK3,"GTK3 (GIMP Toolkit) is an open-source and cross-platform toolkit for creating graphical user interfaces (GUIs) in software applications. It offers a modern and flexible framework for building user interfaces with widgets, styling options, and support for various programming languages and operating systems.","Cross-platform GUI toolkit, Modern user interface design, Widget support","User interface development, GUI toolkit, Cross-platform support","Computer science, Software development","Graphic user interfaces, Application design",GUI toolkit,User interface development tool
Cython,"Cython is a programming language that combines Python's simplicity with C's performance, allowing Python code to be converted into C extensions for improved speed and optimized performance. It provides a way to write fast C extensions for Python and easily interact with C libraries.","Python to C conversion, C extensions for Python, Performance optimization","Python extensions, Performance enhancement, C programming","Computer science, Software development","Performance optimization, language interoperability",Language,Python to C converter
FastQC,"FastQC is a quality control tool used for analyzing the quality of high-throughput sequencing data such as FASTQ files. It generates visual and statistical reports on various quality metrics, helping researchers and bioinformaticians assess the quality of sequencing data before downstream analysis.","Quality control analysis, Sequencing data assessment, Visual and statistical reports","Bioinformatics, Sequencing quality control, Data analysis","Genomics, Bioinformatics","Sequencing data quality, Bioinformatics analysis",Quality control tool,Sequencing data analysis software
ANTLR,ANTLR (ANother Tool for Language Recognition) is a powerful parser generator that allows users to build language grammars for parsing and generating structured data. It supports multiple languages and platforms.,"Parser generator, Language recognition, Support for multiple languages and platforms","Parser generator, Language recognition, Code generation",,,Development tool,Parser generator
ANSYS,"ANSYS is a simulation software suite that enables engineers to design and analyze complex systems in various engineering disciplines. It offers capabilities for structural analysis, fluid dynamics, electromagnetics, and more.","Simulation software suite, Structural analysis, Fluid dynamics analysis, Electromagnetic analysis","Simulation software, Engineering analysis, Multiphysics simulations","Engineering, Physics","Mechanical engineering, Civil engineering, Aerospace engineering",Simulation software,Engineering tool
Comsol,"Comsol Multiphysics is a finite element analysis and multiphysics simulation software used for modeling and simulating physics-based systems and optimizing designs. It enables engineers and scientists to analyze coupled phenomena across multiple domains including structural mechanics, fluid dynamics, heat transfer, and electromagnetics.","Finite element analysis, Multiphysics simulations, Structural mechanics, Fluid dynamics","Multiphysics software, Simulation tool, Engineering analysis","Engineering, Physics","Multiphysics simulations, Design optimization",Simulation software,Multiphysics tool
GStreamer,"GStreamer is an open-source multimedia framework designed for constructing graphs of media-handling components. It enables the creation, streaming, and manipulation of multimedia content such as audio and video in a flexible and modular manner, making it a valuable tool for media applications.","Multimedia framework, Media content streaming, Modular component architecture","Media handling, Audio-visual processing, Open-source framework","Multimedia technology, Software development","Media streaming, Audio-visual processing",Multimedia framework,Media processing tool
Circos,"Circos is a software tool for visualizing and analyzing genomic data in a circular layout. It is commonly used for displaying complex relationships and patterns in genomics data, such as chromosomal rearrangements, gene expressions, and genome variations.","Genomic data visualization, Circular layout, Chromosomal analysis","Genomics, Data visualization, Circular plots","Genomics, Bioinformatics","Genomic data analysis, Chromosomal rearrangements",Genomics tool,Genomic visualization software
FFTW,"FFTW (Fastest Fourier Transform in the West) is an open-source software library for computing fast Fourier transformations (FFT) efficiently. It provides highly optimized routines for transforming multidimensional data, widely used in scientific computing and signal processing applications.","Fast Fourier transform, Efficient data transformation, Optimized routines","Scientific computing, Signal processing, FFT algorithms","Numerical analysis, Signal processing","Fast Fourier transform, Computational mathematics",Library,FFT computation tool
ATK,ATK (Accurate Tool Kit) is a software package for electronic transport calculations in nanostructures. It provides a toolkit for modeling electron transport phenomena in devices at the nanoscale.,"Electronic transport calculations, Nanostructure modeling, Device-level simulations","Electronic transport, Nanostructures, Device simulations",,,Modeling tool,Electronic transport toolkit
Autoconf,Autoconf is a tool for automatically configuring source code packages to adapt to different Unix-like systems. It generates shell scripts that automatically configure software source code for building on various platforms.,"Configuration management, Cross-platform compatibility, Automated script generation","Configuration tool, Build automation, Cross-platform",,,Configuration tool,Automated configuration generator
AlphaFold,AlphaFold is a deep learning-based system developed by DeepMind for predicting protein structure from its amino acid sequence. It uses neural networks to predict 3D protein structures with high accuracy.,"Deep learning, Protein structure prediction, High-accuracy models","Deep learning, Protein structure prediction, Bioinformatics","Bioinformatics, Structural biology","Protein structure prediction, Machine learning in biology",Bioinformatics tool,Protein structure prediction tool
BLAST,"BLAST (Basic Local Alignment Search Tool) is a bioinformatics tool for comparing biological sequences, such as DNA, RNA, or proteins, to search for similarity and homology among sequences. It is widely used for sequence alignment and database searching.","Sequence alignment, Homology search, Database searching","Bioinformatics, Sequence analysis, Homology detection","Bioinformatics, Genomics","Sequence alignment, Genomic analysis",Bioinformatics tool,Sequence alignment software
Abaqus,"Abaqus is a finite element analysis software suite used for simulating and analyzing complex mechanical and structural engineering problems. It offers advanced capabilities for stress analysis, heat transfer, and multiphysics simulations.","Finite element analysis, Mechanical simulations, Structural analysis, Multiphysics simulations","Finite element analysis, Mechanical engineering, Structural analysis, Multiphysics simulations","Engineering, Physics","Mechanical engineering, Civil engineering, Aerospace engineering",Simulation software,Engineering tool
Conda,"Conda is an open-source package management system used for installing and managing software packages and dependencies across different platforms. It is popular in the Python community for creating virtual environments, managing libraries, and simplifying package distribution.","Package management, Dependency resolution, Virtual environment creation","Package manager, Dependency management, Python ecosystem","Computer science, Data science","Software development, Scientific computing",Package manager,Dependency management tool
CheckM,"CheckM is a software tool for assessing the quality and completeness of microbial genomes and metagenome-assembled genomes (MAGs). It performs genome identification, taxonomy assignment, and completeness estimation to evaluate microbial genomic data.","Microbial genomics evaluation, Genome completeness assessment, Taxonomy assignment","Microbiome analysis, Genome quality assessment, Taxonomic classification","Microbiology, Bioinformatics","Microbial genomics, Metagenomics",Genomics tool,Genomic quality assessment tool
GTK2,"GTK2 (GIMP Toolkit) is an open-source multi-platform toolkit for creating graphical user interfaces (GUIs). It provides a set of tools and libraries for developing applications with a consistent and user-friendly interface, supporting multiple programming languages and platform support.","Graphical user interface toolkit, Cross-platform development, Programming language support","GUI development, User interface toolkit, Open-source library","Computer science, Software development","GUI development, Cross-platform applications",GUI toolkit,User interface library
7z,7z is an open-source file archiver with a high compression ratio. It supports a wide variety of compression and archive formats.,"High compression ratio, Open-source, Support for various compression and archive formats","File archiver, Compression tool, Open-source",,,Utility,Archiver
APR,APR (Apache Portable Runtime) is a software library that provides a common interface to interface with the underlying operating system. It aims to improve portability and support various platforms for Apache software projects.,"Portable runtime library, Cross-platform support, Interface with operating system","Software library, Cross-platform, Operating system interface",,,Library,Runtime library
